Step,Action,Reasoning,Observation,Reward,Done
0,Move West,"We start near grass to the west. First we need wood, so we will walk west six times then south six times to reach the tree. There we will use Do to collect wood (achievement “Collect Wood”). With the wood we can Place Table (achievement “Place Table”). Then we will craft a wood pickaxe and a wood sword (achievements “Make Wood Pickaxe” and “Make Wood Sword”). After that we will travel north‑west to the water source and use Do to drink (achievement “Collect Drink”). Sleep if energy gets low. Later we will gather stone, coal, iron, etc., but the immediate next step is to move west toward the grass tile as the first step toward the tree.","You see:
- water 5 steps to your north-west
- grass 1 steps to your west
- sand 6 steps to your south-west
- tree 5 steps to your south-west

You face grass at your front.",0.0,False
1,Move West,,"You see:
- water 4 steps to your west
- grass 1 steps to your west
- sand 5 steps to your south-west
- tree 4 steps to your south-west

You face grass at your front.",0.0,False
2,Move South,,"You see:
- water 4 steps to your west
- grass 1 steps to your west
- sand 4 steps to your south-west
- tree 3 steps to your south-west

You face grass at your front.",0.0,False
3,Move South,,"You see:
- water 4 steps to your west
- grass 1 steps to your west
- sand 3 steps to your west
- tree 2 steps to your south-west

You face grass at your front.",0.0,False
4,Move West,,"You see:
- water 3 steps to your west
- grass 1 steps to your west
- stone 7 steps to your south-west
- sand 2 steps to your west
- tree 1 steps to your south

You face grass at your front.",0.0,False
5,Move South,,"You see:
- water 3 steps to your west
- grass 1 steps to your west
- stone 7 steps to your south-west
- sand 2 steps to your west
- tree 1 steps to your south

You face tree at your front.",0.0,False
6,Do,,"You see:
- water 3 steps to your west
- grass 1 steps to your west
- stone 7 steps to your south-west
- sand 2 steps to your west

You face grass at your front.",1.0,False
7,Place Table,,"You see:
- water 3 steps to your west
- grass 1 steps to your west
- stone 7 steps to your south-west
- sand 2 steps to your west

You face grass at your front.",0.0,False
8,Make Wood Pickaxe,"We have collected 1 wood and placed a table, achieving Collect Wood and Place Table. Next we should craft a wood pickaxe using the wood and the table (Make Wood Pickaxe). This will allow us to mine stone, which is needed for many later achievements (Collect Stone, Place Stone, etc.). After crafting the pickaxe, we’ll move toward the stone (south‑west 7 steps) and use Do to collect it, then place it (Place Stone). We’ll also need to drink water (Collect Drink), so after handling stone we’ll move west to the water source (3 steps) and use Do to drink. This sequence will unlock further achievements such as Make Stone Pickaxe, Make Stone Sword, and eventually progress toward iron and diamond. The immediate next action is to craft the wood pickaxe.","You see:
- water 3 steps to your west
- grass 1 steps to your west
- stone 7 steps to your south-west
- sand 2 steps to your west

You face grass at your front.",0.0,False
9,Make Wood Pickaxe,,"You see:
- water 3 steps to your west
- grass 1 steps to your west
- stone 7 steps to your south-west
- sand 2 steps to your west

You face grass at your front.",0.0,False
10,Make Wood Pickaxe,,"You see:
- water 3 steps to your west
- grass 1 steps to your west
- stone 7 steps to your south-west
- sand 2 steps to your west

You face grass at your front.",0.0,False
11,Make Wood Pickaxe,,"You see:
- water 3 steps to your west
- grass 1 steps to your west
- stone 7 steps to your south-west
- sand 2 steps to your west

You face grass at your front.",0.0,False
12,Make Wood Pickaxe,,"You see:
- water 3 steps to your west
- grass 1 steps to your west
- stone 7 steps to your south-west
- sand 2 steps to your west

You face grass at your front.",0.0,False
13,Move West,,"You see:
- water 2 steps to your west
- grass 1 steps to your north
- stone 5 steps to your south-west
- path 6 steps to your south-west
- sand 1 steps to your west

You face sand at your front.",0.0,False
14,Make Wood Pickaxe,,"You see:
- water 2 steps to your west
- grass 1 steps to your north
- stone 5 steps to your south-west
- path 6 steps to your south-west
- sand 1 steps to your west

You face sand at your front.",0.0,False
15,Move North,,"You see:
- water 2 steps to your west
- grass 1 steps to your west
- stone 6 steps to your south-west
- path 7 steps to your south-west
- sand 2 steps to your south-west

You face grass at your front.",0.0,False
16,Make Wood Pickaxe,"We have 1 wood in inventory and a placed table nearby, which satisfies the requirements for crafting a wood pickaxe (table + wood). Crafting the wood pickaxe is the next priority because it will let us mine stone, enabling many later achievements (Collect Stone, Place Stone, Make Stone Pickaxe, etc.). After the pickaxe is made we will move toward the stone location (south‑west of us) using cardinal moves, use Do to collect the stone, then Place Stone. We will also drink from the water source to earn Collect Drink. This sequence advances us toward the majority of achievements. The immediate next step is to craft the wood pickaxe.","You see:
- water 2 steps to your west
- grass 1 steps to your west
- stone 6 steps to your south-west
- path 7 steps to your south-west
- sand 2 steps to your south-west

You face grass at your front.",0.0,False
17,Make Wood Pickaxe,,"You see:
- water 2 steps to your west
- grass 1 steps to your west
- stone 6 steps to your south-west
- path 7 steps to your south-west
- sand 2 steps to your south-west

You face grass at your front.",0.0,False
18,Make Wood Pickaxe,,"You see:
- water 2 steps to your west
- grass 1 steps to your west
- stone 6 steps to your south-west
- path 7 steps to your south-west
- sand 2 steps to your south-west

You face grass at your front.",0.0,False
19,Make Wood Pickaxe,,"You see:
- water 2 steps to your west
- grass 1 steps to your west
- stone 6 steps to your south-west
- path 7 steps to your south-west
- sand 2 steps to your south-west

You face grass at your front.",0.0,False
20,Make Wood Pickaxe,,"You see:
- water 2 steps to your west
- grass 1 steps to your west
- stone 6 steps to your south-west
- path 7 steps to your south-west
- sand 2 steps to your south-west

You face grass at your front.",0.0,False
21,Make Wood Pickaxe,,"You see:
- water 2 steps to your west
- grass 1 steps to your west
- stone 6 steps to your south-west
- path 7 steps to your south-west
- sand 2 steps to your south-west

You face grass at your front.",0.0,False
22,Make Wood Pickaxe,,"You see:
- water 2 steps to your west
- grass 1 steps to your west
- stone 6 steps to your south-west
- path 7 steps to your south-west
- sand 2 steps to your south-west

You face grass at your front.",0.0,False
23,Place Table,,"You see:
- water 2 steps to your west
- grass 1 steps to your west
- stone 6 steps to your south-west
- path 7 steps to your south-west
- sand 2 steps to your south-west

You face grass at your front.",0.0,False
24,Place Table,"We have 1 wood and no table placed. To craft a wood pickaxe we first need a table, then we can use the wood to make the pickaxe. So the immediate step is to place a table in front of us (grass). After placing the table we will craft the wood pickaxe, then move toward the stone to collect it, place stone, and later drink water, collect other resources, and craft higher-tier tools to achieve all remaining goals.","You see:
- water 2 steps to your west
- grass 1 steps to your west
- stone 6 steps to your south-west
- path 7 steps to your south-west
- sand 2 steps to your south-west

You face grass at your front.",0.0,False
25,Make Wood Pickaxe,,"You see:
- water 2 steps to your west
- grass 1 steps to your west
- stone 6 steps to your south-west
- path 7 steps to your south-west
- sand 2 steps to your south-west

You face grass at your front.",0.0,False
26,Make Wood Pickaxe,,"You see:
- water 2 steps to your west
- grass 1 steps to your west
- stone 6 steps to your south-west
- path 7 steps to your south-west
- sand 2 steps to your south-west

You face grass at your front.",0.0,False
27,Do,,"You see:
- water 2 steps to your west
- grass 1 steps to your west
- stone 6 steps to your south-west
- path 7 steps to your south-west
- sand 2 steps to your south-west

You face grass at your front.",1.0,False
28,Make Wood Pickaxe,,"You see:
- water 2 steps to your west
- grass 1 steps to your west
- stone 6 steps to your south-west
- path 7 steps to your south-west
- sand 2 steps to your south-west

You face grass at your front.",0.0,False
29,Place Table,,"You see:
- water 2 steps to your west
- grass 1 steps to your west
- stone 6 steps to your south-west
- path 7 steps to your south-west
- sand 2 steps to your south-west

You face grass at your front.",0.0,False
30,Make Wood Pickaxe,,"You see:
- water 2 steps to your west
- grass 1 steps to your west
- stone 6 steps to your south-west
- path 7 steps to your south-west
- sand 2 steps to your south-west

You face grass at your front.",0.0,False
31,Place Table,,"You see:
- water 2 steps to your west
- grass 1 steps to your west
- stone 6 steps to your south-west
- path 7 steps to your south-west
- sand 2 steps to your south-west

You face grass at your front.",0.0,False
32,Place Table,"First place a table in front of the grass to earn the “Place Table” achievement and enable crafting. Then craft a wood pickaxe using the wood in inventory and the newly placed table (“Make Wood Pickaxe”). With the pickaxe, move toward the stone located 6 steps southwest, gathering stone (“Collect Stone”) and later using the stone to craft a stone pickaxe (“Make Stone Pickaxe”). Use the stone pickaxe to mine coal and iron ores, then place a furnace (“Place Furnace”) to smelt iron. Craft an iron pickaxe and iron sword to obtain higher-tier resources and defeat hostile creatures (“Defeat Zombie”, “Defeat Skeleton”). Seek out a cow and a plant to eat (“Eat Cow”, “Eat Plant”). Finally, mine deeper to find diamonds (“Collect Diamond”) and craft any remaining tools to complete all listed achievements.","You see:
- water 2 steps to your west
- grass 1 steps to your west
- stone 6 steps to your south-west
- path 7 steps to your south-west
- sand 2 steps to your south-west

You face grass at your front.",0.0,False
33,Do,,"You see:
- water 2 steps to your west
- grass 1 steps to your west
- stone 6 steps to your south-west
- path 7 steps to your south-west
- sand 2 steps to your south-west

You face grass at your front.",0.0,False
34,Place Table,,"You see:
- water 2 steps to your west
- grass 1 steps to your west
- stone 6 steps to your south-west
- path 7 steps to your south-west
- sand 2 steps to your south-west

You face grass at your front.",0.0,False
35,Place Table,,"You see:
- water 2 steps to your west
- grass 1 steps to your west
- stone 6 steps to your south-west
- path 7 steps to your south-west
- sand 2 steps to your south-west

You face grass at your front.",0.0,False
36,Place Table,,"You see:
- water 2 steps to your west
- grass 1 steps to your west
- stone 6 steps to your south-west
- path 7 steps to your south-west
- sand 2 steps to your south-west

You face grass at your front.",0.0,False
37,Place Table,,"You see:
- water 2 steps to your west
- grass 1 steps to your west
- stone 6 steps to your south-west
- path 7 steps to your south-west
- sand 2 steps to your south-west

You face grass at your front.",0.0,False
38,Place Table,,"You see:
- water 2 steps to your west
- grass 1 steps to your west
- stone 6 steps to your south-west
- path 7 steps to your south-west
- sand 2 steps to your south-west

You face grass at your front.",0.0,False
39,Do,,"You see:
- water 2 steps to your west
- grass 1 steps to your west
- stone 6 steps to your south-west
- path 7 steps to your south-west
- sand 2 steps to your south-west

You face grass at your front.",0.0,False
40,Place Table,"We have wood and a sapling, and we are facing grass. First we need to place a table to earn the “Place Table” achievement and enable crafting. After placing the table we can use the “Do” action on the grass in front to collect more wood (or other material). With enough wood we will then craft a wood pickaxe using “Make Wood Pickaxe”. This will let us gather stone and progress toward later achievements such as collecting stone, making stone tools, placing a furnace, and eventually obtaining all remaining achievements. The immediate next step is to place the table.","You see:
- water 2 steps to your west
- grass 1 steps to your west
- stone 6 steps to your south-west
- path 7 steps to your south-west
- sand 2 steps to your south-west

You face grass at your front.",0.0,False
41,Do,,"You see:
- water 2 steps to your west
- grass 1 steps to your west
- stone 6 steps to your south-west
- path 7 steps to your south-west
- sand 2 steps to your south-west

You face grass at your front.",0.0,False
42,Do,,"You see:
- water 2 steps to your west
- grass 1 steps to your west
- stone 6 steps to your south-west
- path 7 steps to your south-west
- sand 2 steps to your south-west

You face grass at your front.",0.0,False
43,Place Table,,"You see:
- water 2 steps to your west
- grass 1 steps to your west
- stone 6 steps to your south-west
- path 7 steps to your south-west
- sand 2 steps to your south-west

You face grass at your front.",0.0,False
44,Place Table,,"You see:
- water 2 steps to your west
- grass 1 steps to your west
- stone 6 steps to your south-west
- path 7 steps to your south-west
- sand 2 steps to your south-west

You face grass at your front.",0.0,False
45,Place Table,,"You see:
- water 2 steps to your west
- grass 1 steps to your west
- stone 6 steps to your south-west
- path 7 steps to your south-west
- sand 2 steps to your south-west

You face grass at your front.",0.0,False
46,Place Table,,"You see:
- water 2 steps to your west
- grass 1 steps to your west
- stone 6 steps to your south-west
- path 7 steps to your south-west
- sand 2 steps to your south-west

You face grass at your front.",0.0,False
47,Place Table,,"You see:
- water 2 steps to your west
- grass 1 steps to your west
- stone 6 steps to your south-west
- path 7 steps to your south-west
- sand 2 steps to your south-west

You face grass at your front.",0.0,False
48,Place Table,"We currently have 1 wood and 1 sapling, and we are facing grass. The immediate needed achievement is “Place Table”. Placing a table will also give us a crafting station for later tool creation. After placing the table we will collect more wood from the grass using Do, then craft a wood pickaxe (requires a table and wood). With the pickaxe we can mine the stone located to the south‑west, enabling “Collect Stone” and “Place Stone”. Following that we will progress to stone tools, furnace, coal, iron, and eventually diamonds, while also exploring to find water (for “Collect Drink”), cows (for “Eat Cow”), plants (for “Place Plant” and “Eat Plant”), and monsters (for “Defeat Zombie” and “Defeat Skeleton”). The high‑level sequence is:

1. Place Table (achievement 2).  
2. Do on the grass to collect more wood (achievement 1).  
3. Make Wood Pickaxe (achievement 6).  
4. Move toward the stone and use Do (or mining) to collect stone (achievement 10).  
5. Place Stone (achievement 11).  
6. Make Stone Pickaxe and Stone Sword (achievements 14, 15).  
7. Place Furnace (achievement 17).  
8. Collect Coal (achievement 18) and Iron (19) from appropriate sources.  
9. Make Iron Pickaxe and Iron Sword (20, 21).  
10. Collect Diamond (22).  
Simultaneously explore to find water (drink), cows (eat), plants (place/eat), and monsters (defeat) to complete the remaining achievements.

The next immediate action is to place a table in front of us.","You see:
- water 2 steps to your west
- grass 1 steps to your west
- stone 6 steps to your south-west
- path 7 steps to your south-west
- sand 2 steps to your south-west

You face grass at your front.",0.0,False
49,Do,,"You see:
- water 2 steps to your west
- grass 1 steps to your west
- stone 6 steps to your south-west
- path 7 steps to your south-west
- sand 2 steps to your south-west

You face grass at your front.",0.0,False
50,Do,,"You see:
- water 2 steps to your west
- grass 1 steps to your west
- stone 6 steps to your south-west
- path 7 steps to your south-west
- sand 2 steps to your south-west

You face grass at your front.",0.0,False
51,Do,,"You see:
- water 2 steps to your west
- grass 1 steps to your west
- stone 6 steps to your south-west
- path 7 steps to your south-west
- sand 2 steps to your south-west

You face grass at your front.",0.0,False
52,Place Table,,"You see:
- water 2 steps to your west
- grass 1 steps to your west
- stone 6 steps to your south-west
- path 7 steps to your south-west
- sand 2 steps to your south-west

You face grass at your front.",0.0,False
53,Place Table,,"You see:
- water 2 steps to your west
- grass 1 steps to your west
- stone 6 steps to your south-west
- path 7 steps to your south-west
- sand 2 steps to your south-west

You face grass at your front.",0.0,False
54,Place Table,,"You see:
- water 2 steps to your west
- grass 1 steps to your west
- stone 6 steps to your south-west
- path 7 steps to your south-west
- sand 2 steps to your south-west

You face grass at your front.",0.0,False
55,Place Table,,"You see:
- water 2 steps to your west
- grass 1 steps to your west
- stone 6 steps to your south-west
- path 7 steps to your south-west
- sand 2 steps to your south-west

You face grass at your front.",0.0,False
56,Place Table,"We currently have 1 wood and 2 saplings, and we are facing grass directly ahead (west). The immediate needed achievement is “Place Table”. Placing a table will give us a crafting station for later tools. We can place the table now using the wood we have. After the table is placed we will:

1. Use Do on the grass to collect more wood (achievement “Collect Wood” if not yet done) and possibly more saplings.
2. Craft a Wood Pickaxe at the table (requires wood).
3. Move toward the stone location (south‑west) and mine stone with the pickaxe to achieve “Collect Stone”.
4. Place Stone (achievement “Place Stone”).
5. Craft Stone Pickaxe and Stone Sword at the table.
6. Find a location to place a Furnace (needs stone and possibly wood) – achievement “Place Furnace”.
7. Collect Coal and Iron from appropriate deposits (or from the furnace if smelting is needed) – achievements “Collect Coal” and “Collect Iron”.
8. Craft Iron Pickaxe and Iron Sword (achievements “Make Iron Pickaxe” and “Make Iron Sword”).
9. Use iron tools to mine deeper for Diamond – achievement “Collect Diamond”.
10. While exploring, locate water (drink), cows (eat), plants (place/eat), and monsters (zombie, skeleton) to complete the remaining achievements: “Collect Drink”, “Eat Cow”, “Place Plant”, “Eat Plant”, “Defeat Zombie”, “Defeat Skeleton”, and “Wake Up” (sleep when energy low).

Overall, the sequence focuses first on establishing a crafting base (table), gathering basic resources (wood, stone), then progressing through the tool tiers to unlock advanced resources and monsters, while concurrently exploring for the remaining side achievements.

Immediate next action: place the table in front of us.","You see:
- water 2 steps to your west
- grass 1 steps to your west
- stone 6 steps to your south-west
- path 7 steps to your south-west
- sand 2 steps to your south-west

You face grass at your front.",0.0,False
57,Place Table,,"You see:
- water 2 steps to your west
- grass 1 steps to your west
- stone 6 steps to your south-west
- path 7 steps to your south-west
- sand 2 steps to your south-west

You face grass at your front.",0.0,False
58,Place Table,,"You see:
- water 2 steps to your west
- grass 1 steps to your west
- stone 6 steps to your south-west
- path 7 steps to your south-west
- sand 2 steps to your south-west

You face grass at your front.",0.0,False
59,Place Table,,"You see:
- water 2 steps to your west
- grass 1 steps to your west
- stone 6 steps to your south-west
- path 7 steps to your south-west
- sand 2 steps to your south-west

You face grass at your front.",0.0,False
60,Place Table,,"You see:
- water 2 steps to your west
- grass 1 steps to your west
- stone 6 steps to your south-west
- path 7 steps to your south-west
- sand 2 steps to your south-west

You face grass at your front.",0.0,False
61,Place Table,,"You see:
- water 2 steps to your west
- grass 1 steps to your west
- stone 6 steps to your south-west
- path 7 steps to your south-west
- sand 2 steps to your south-west

You face grass at your front.",0.0,False
62,Place Table,,"You see:
- water 2 steps to your west
- grass 1 steps to your west
- stone 6 steps to your south-west
- path 7 steps to your south-west
- sand 2 steps to your south-west

You face grass at your front.",0.0,False
63,Place Table,,"You see:
- water 2 steps to your west
- grass 1 steps to your west
- stone 6 steps to your south-west
- path 7 steps to your south-west
- sand 2 steps to your south-west

You face grass at your front.",0.0,False
64,Place Table,"We start by placing a table using our wood (achievement “Place Table”). After the table is placed we will use Do on the grass in front to collect more wood (achievement “Collect Wood”). With enough wood we can craft a wood pickaxe at the table, then move toward the stone location (south‑west) and mine stone (achievement “Collect Stone”). From there we will place stone, craft stone tools, locate water to drink, find cows and plants to eat and place, defeat zombies and skeletons, place a furnace, collect coal and iron, craft iron tools, and finally obtain a diamond, completing all remaining achievements. The immediate next step is to place the table.","You see:
- water 2 steps to your west
- grass 1 steps to your west
- stone 6 steps to your south-west
- path 7 steps to your south-west
- sand 2 steps to your south-west

You face grass at your front.",0.0,False
65,Do,,"You see:
- water 2 steps to your west
- grass 1 steps to your west
- stone 6 steps to your south-west
- path 7 steps to your south-west
- sand 2 steps to your south-west

You face grass at your front.",0.0,False
66,Do,,"You see:
- water 2 steps to your west
- grass 1 steps to your west
- stone 6 steps to your south-west
- path 7 steps to your south-west
- sand 2 steps to your south-west

You face grass at your front.",0.0,False
67,Do,,"You see:
- water 2 steps to your west
- grass 1 steps to your west
- stone 6 steps to your south-west
- path 7 steps to your south-west
- sand 2 steps to your south-west

You face grass at your front.",0.0,False
68,Make Wood Pickaxe,,"You see:
- water 2 steps to your west
- grass 1 steps to your west
- stone 6 steps to your south-west
- path 7 steps to your south-west
- sand 2 steps to your south-west

You face grass at your front.",0.0,False
69,Make Wood Pickaxe,,"You see:
- water 2 steps to your west
- grass 1 steps to your west
- stone 6 steps to your south-west
- path 7 steps to your south-west
- sand 2 steps to your south-west

You face grass at your front.",0.0,False
70,Place Table,,"You see:
- water 2 steps to your west
- grass 1 steps to your west
- stone 6 steps to your south-west
- path 7 steps to your south-west
- sand 2 steps to your south-west

You face grass at your front.",0.0,False
71,Place Table,,"You see:
- water 2 steps to your west
- grass 1 steps to your west
- stone 6 steps to your south-west
- path 7 steps to your south-west
- sand 2 steps to your south-west

You face grass at your front.",0.0,False
72,Do,"We currently have 1 wood and 2 saplings. The immediate achievements we need are Collect Wood, Place Table, and then craft tools. The grass directly in front can be interacted with using the Do action to collect wood (and also drink if needed). So the first step is to use Do on the grass to increase our wood count, achieving Collect Wood. After that we will place a table to get the Place Table achievement, then craft a wood pickaxe and wood sword, and proceed to collect stone, place stone, gather other resources, craft higher-tier tools, defeat monsters, and finally obtain a diamond. This plan follows the logical progression of gathering resources, crafting, and completing each achievement in order.","You see:
- water 2 steps to your west
- grass 1 steps to your west
- stone 6 steps to your south-west
- path 7 steps to your south-west
- sand 2 steps to your south-west

You face grass at your front.",0.0,False
73,Do,,"You see:
- water 2 steps to your west
- grass 1 steps to your west
- stone 6 steps to your south-west
- path 7 steps to your south-west
- sand 2 steps to your south-west

You face grass at your front.",0.0,False
74,Do,,"You see:
- water 2 steps to your west
- grass 1 steps to your west
- stone 6 steps to your south-west
- path 7 steps to your south-west
- sand 2 steps to your south-west

You face grass at your front.",0.0,False
75,Place Table,,"You see:
- water 2 steps to your west
- grass 1 steps to your west
- stone 6 steps to your south-west
- path 7 steps to your south-west
- sand 2 steps to your south-west

You face grass at your front.",0.0,False
76,Place Table,,"You see:
- water 2 steps to your west
- grass 1 steps to your west
- stone 6 steps to your south-west
- path 7 steps to your south-west
- sand 2 steps to your south-west

You face grass at your front.",0.0,False
77,Do,,"You see:
- water 2 steps to your west
- grass 1 steps to your west
- stone 6 steps to your south-west
- path 7 steps to your south-west
- sand 2 steps to your south-west

You face grass at your front.",0.0,False
78,Do,,"You see:
- water 2 steps to your west
- grass 1 steps to your west
- stone 6 steps to your south-west
- path 7 steps to your south-west
- sand 2 steps to your south-west

You face grass at your front.",0.0,False
79,Place Table,,"You see:
- water 2 steps to your west
- grass 1 steps to your west
- stone 6 steps to your south-west
- path 7 steps to your south-west
- sand 2 steps to your south-west

You face grass at your front.",0.0,False
80,Do,"We have already completed the Collect Wood achievement (we have 1 wood). The next crucial achievement is Place Table. To eventually craft tools we will need more wood, so first we should use the Do action on the grass directly in front to collect additional wood. This will increase our wood count, preparing us for crafting later. After that, we can place a table and continue with crafting pickaxes, swords, and gathering other resources to complete the remaining achievements.","You see:
- water 2 steps to your west
- grass 1 steps to your west
- stone 6 steps to your south-west
- path 7 steps to your south-west
- sand 2 steps to your south-west

You face grass at your front.",0.0,False
81,Do,,"You see:
- water 2 steps to your west
- grass 1 steps to your west
- stone 6 steps to your south-west
- path 7 steps to your south-west
- sand 2 steps to your south-west

You face grass at your front.",0.0,False
82,Place Table,,"You see:
- water 2 steps to your west
- grass 1 steps to your west
- stone 6 steps to your south-west
- path 7 steps to your south-west
- sand 2 steps to your south-west

You face grass at your front.",0.0,False
83,Place Table,,"You see:
- water 2 steps to your west
- grass 1 steps to your west
- stone 6 steps to your south-west
- path 7 steps to your south-west
- sand 2 steps to your south-west

You face grass at your front.",0.0,False
84,Place Table,,"You see:
- water 2 steps to your west
- grass 1 steps to your west
- stone 6 steps to your south-west
- path 7 steps to your south-west
- sand 2 steps to your south-west

You face grass at your front.",0.0,False
85,Place Table,,"You see:
- water 2 steps to your west
- grass 1 steps to your west
- stone 6 steps to your south-west
- path 7 steps to your south-west
- sand 2 steps to your south-west

You face grass at your front.",0.0,False
86,Place Table,,"You see:
- water 2 steps to your west
- grass 1 steps to your west
- stone 6 steps to your south-west
- path 7 steps to your south-west
- sand 2 steps to your south-west

You face grass at your front.",0.0,False
87,Place Table,,"You see:
- water 2 steps to your west
- grass 1 steps to your west
- stone 6 steps to your south-west
- path 7 steps to your south-west
- sand 2 steps to your south-west

You face grass at your front.",0.0,False
88,Place Table,"We have inventory with 1 wood and 2 saplings. The next achievement to complete is “Place Table”. The game provides a “Place Table” action that places a table in the tile we are facing (grass). No prerequisites are listed other than being able to perform the action. Therefore, the immediate high‑level step is to place a table to earn that achievement. After placing the table we will have it placed, and can later collect more wood (using Do on grass) and craft tools. For now, the best single action is to place the table.","You see:
- water 2 steps to your west
- grass 1 steps to your west
- stone 6 steps to your south-west
- path 7 steps to your south-west
- sand 2 steps to your south-west

You face grass at your front.",0.0,False
89,Place Table,,"You see:
- water 2 steps to your west
- grass 1 steps to your west
- stone 6 steps to your south-west
- path 7 steps to your south-west
- sand 2 steps to your south-west

You face grass at your front.",0.0,False
90,Place Table,,"You see:
- water 2 steps to your west
- grass 1 steps to your west
- stone 6 steps to your south-west
- path 7 steps to your south-west
- sand 2 steps to your south-west

You face grass at your front.",0.0,False
91,Place Table,,"You see:
- water 2 steps to your west
- grass 1 steps to your west
- stone 6 steps to your south-west
- path 7 steps to your south-west
- sand 2 steps to your south-west

You face grass at your front.",0.0,False
92,Place Plant,,"You see:
- water 2 steps to your west
- grass 1 steps to your west
- stone 6 steps to your south-west
- path 7 steps to your south-west
- sand 2 steps to your south-west
- plant 1 steps to your north

You face plant at your front.",1.0,False
93,Do,,"You see:
- water 2 steps to your west
- grass 1 steps to your west
- stone 6 steps to your south-west
- path 7 steps to your south-west
- sand 2 steps to your south-west
- plant 1 steps to your north

You face plant at your front.",0.0,False
94,Do,,"You see:
- water 2 steps to your west
- grass 1 steps to your west
- stone 6 steps to your south-west
- path 7 steps to your south-west
- sand 2 steps to your south-west
- plant 1 steps to your north

You face plant at your front.",0.0,False
95,Do,,"You see:
- water 2 steps to your west
- grass 1 steps to your west
- stone 6 steps to your south-west
- path 7 steps to your south-west
- sand 2 steps to your south-west
- plant 1 steps to your north

You face plant at your front.",0.0,False
96,Do,"Current inventory: 1 wood, 1 sapling. Achievements still missing include Collect Wood (need more wood), Place Table (requires table placed), Eat Plant (need to eat the plant in front). First, use Do on the plant to eat it, achieving Eat Plant and possibly gaining food. Then move west to the grass tile and use Do to collect wood from the grass, repeating until we have enough wood (at least 4) to place a table. After gathering sufficient wood, return to the original position and place a table on the grass tile in front, achieving Place Table. This sequence will also satisfy Collect Wood.","You see:
- water 2 steps to your west
- grass 1 steps to your west
- stone 6 steps to your south-west
- path 7 steps to your south-west
- sand 2 steps to your south-west
- plant 1 steps to your north

You face plant at your front.",0.0,False
97,Do,,"You see:
- water 2 steps to your west
- grass 1 steps to your west
- stone 6 steps to your south-west
- path 7 steps to your south-west
- sand 2 steps to your south-west
- plant 1 steps to your north

You face plant at your front.",0.0,False
98,Do,,"You see:
- water 2 steps to your west
- grass 1 steps to your west
- stone 6 steps to your south-west
- path 7 steps to your south-west
- sand 2 steps to your south-west
- plant 1 steps to your north

You face plant at your front.",0.0,False
99,Do,,"You see:
- water 2 steps to your west
- grass 1 steps to your west
- stone 6 steps to your south-west
- path 7 steps to your south-west
- sand 2 steps to your south-west
- plant 1 steps to your north

You face plant at your front.",0.0,False
100,Do,,"You see:
- water 2 steps to your west
- grass 1 steps to your west
- stone 6 steps to your south-west
- path 7 steps to your south-west
- sand 2 steps to your south-west
- plant 1 steps to your north

You face plant at your front.",0.0,False
101,Do,,"You see:
- water 2 steps to your west
- grass 1 steps to your west
- stone 6 steps to your south-west
- path 7 steps to your south-west
- sand 2 steps to your south-west
- plant 1 steps to your north

You face plant at your front.",0.0,False
102,Do,,"You see:
- water 2 steps to your west
- grass 1 steps to your west
- stone 6 steps to your south-west
- path 7 steps to your south-west
- sand 2 steps to your south-west
- plant 1 steps to your north

You face plant at your front.",0.0,False
103,Do,,"You see:
- water 2 steps to your west
- grass 1 steps to your west
- stone 6 steps to your south-west
- path 7 steps to your south-west
- sand 2 steps to your south-west
- plant 1 steps to your north

You face plant at your front.",0.0,False
104,Do,"We currently have 1 wood and 1 sapling, with moderate health, food and drink. Achievements still missing include:
- Collect Wood (need to gather more wood from grass)
- Eat Plant (eat the plant in front)
- Place Table (place a table using the Place Table action)
- Possibly later: Make Wood Pickaxe, etc.

The plant is directly in front (north). Using the Do action now will eat the plant, completing the Eat Plant achievement and may restore some food. After that, we should move west onto the grass tile (Move West) and use Do again to collect wood from the grass, increasing our wood count. We can repeat collecting wood until we have enough (e.g., 4 wood) to later craft tools or simply place a table. Once we have sufficient wood and are positioned appropriately, we will use Place Table to place a table in front of us, achieving Place Table.

Thus the immediate next step is to use Do to eat the plant.","You see:
- water 2 steps to your west
- grass 1 steps to your west
- stone 6 steps to your south-west
- path 7 steps to your south-west
- sand 2 steps to your south-west
- plant 1 steps to your north

You face plant at your front.",0.0,False
105,Do,,"You see:
- water 2 steps to your west
- grass 1 steps to your west
- stone 6 steps to your south-west
- path 7 steps to your south-west
- sand 2 steps to your south-west
- plant 1 steps to your north

You face plant at your front.",0.0,False
106,Do,,"You see:
- water 2 steps to your west
- grass 1 steps to your west
- stone 6 steps to your south-west
- path 7 steps to your south-west
- sand 2 steps to your south-west
- plant 1 steps to your north

You face plant at your front.",0.0,False
107,Do,,"You see:
- water 2 steps to your west
- grass 1 steps to your west
- stone 6 steps to your south-west
- path 7 steps to your south-west
- sand 2 steps to your south-west
- plant 1 steps to your north

You face plant at your front.",0.0,False
108,Do,,"You see:
- water 2 steps to your west
- grass 1 steps to your west
- stone 6 steps to your south-west
- path 7 steps to your south-west
- sand 2 steps to your south-west
- plant 1 steps to your north

You face plant at your front.",0.0,False
109,Do,,"You see:
- water 2 steps to your west
- grass 1 steps to your west
- stone 6 steps to your south-west
- path 7 steps to your south-west
- sand 2 steps to your south-west
- plant 1 steps to your north

You face plant at your front.",0.0,False
110,Do,,"You see:
- water 2 steps to your west
- grass 1 steps to your west
- stone 6 steps to your south-west
- path 7 steps to your south-west
- sand 2 steps to your south-west
- plant 1 steps to your north

You face plant at your front.",0.0,False
111,Do,,"You see:
- water 2 steps to your west
- grass 1 steps to your west
- stone 6 steps to your south-west
- path 7 steps to your south-west
- sand 2 steps to your south-west
- plant 1 steps to your north

You face plant at your front.",0.0,False
112,Do,"We are currently facing a plant directly north. The first achievement we can complete is Eat Plant, which is achieved by using the Do action to eat the plant. This will also replenish food. After eating, we should move west onto the grass tile (Move West) and use Do again to collect wood from the grass, fulfilling the Collect Wood achievement and increasing our wood supply. With at least two wood pieces we can then place a table (Place Table) to earn the Place Table achievement, setting up for crafting tools later. The immediate next action is to eat the plant.","You see:
- water 2 steps to your west
- grass 1 steps to your west
- stone 6 steps to your south-west
- path 7 steps to your south-west
- sand 2 steps to your south-west
- plant 1 steps to your north

You face plant at your front.",0.0,False
113,Do,,"You see:
- water 2 steps to your west
- grass 1 steps to your west
- stone 6 steps to your south-west
- path 7 steps to your south-west
- sand 2 steps to your south-west
- plant 1 steps to your north

You face plant at your front.",0.0,False
114,Do,,"You see:
- water 2 steps to your west
- grass 1 steps to your west
- stone 6 steps to your south-west
- path 7 steps to your south-west
- sand 2 steps to your south-west
- plant 1 steps to your north

You face plant at your front.",0.0,False
115,Do,,"You see:
- water 2 steps to your west
- grass 1 steps to your west
- stone 6 steps to your south-west
- path 7 steps to your south-west
- sand 2 steps to your south-west
- plant 1 steps to your north

You face plant at your front.",0.0,False
116,Do,,"You see:
- water 2 steps to your west
- grass 1 steps to your west
- stone 6 steps to your south-west
- path 7 steps to your south-west
- sand 2 steps to your south-west
- plant 1 steps to your north

You face plant at your front.",0.0,False
117,Do,,"You see:
- water 2 steps to your west
- grass 1 steps to your west
- stone 6 steps to your south-west
- path 7 steps to your south-west
- sand 2 steps to your south-west
- plant 1 steps to your north

You face plant at your front.",0.0,False
118,Do,,"You see:
- water 2 steps to your west
- grass 1 steps to your west
- stone 6 steps to your south-west
- path 7 steps to your south-west
- sand 2 steps to your south-west
- plant 1 steps to your north

You face plant at your front.",0.0,False
119,Do,,"You see:
- water 2 steps to your west
- grass 1 steps to your west
- stone 6 steps to your south-west
- path 7 steps to your south-west
- sand 2 steps to your south-west
- plant 1 steps to your north

You face plant at your front.",0.0,False
120,Do,"We are currently facing a plant to the north. The first achievements we can secure immediately are:

1. Eat Plant – use Do while facing the plant.
2. Collect Wood – after eating, move west onto the grass tile (1 step) and use Do to collect wood from the grass.
3. Place Table – with at least two wood in inventory, use Place Table to earn the achievement.
4. Make Wood Pickaxe – with the table and wood, use Make Wood Pickaxe.
5. Make Wood Sword – similarly craft a wood sword.

These steps give us food, increase wood inventory, and provide basic tools and a table needed for later mining (stone, coal, iron) and crafting higher‑tier items. After completing these, we will proceed to gather stone (south‑west), collect coal and iron, place a furnace, and craft stone and iron tools, then tackle combat and diamond collection.

The immediate next action is to eat the plant to earn the “Eat Plant” achievement and gain food.","You see:
- water 2 steps to your west
- grass 1 steps to your west
- stone 6 steps to your south-west
- path 7 steps to your south-west
- sand 2 steps to your south-west
- plant 1 steps to your north

You face plant at your front.",0.0,False
121,Do,,"You see:
- water 2 steps to your west
- grass 1 steps to your west
- stone 6 steps to your south-west
- path 7 steps to your south-west
- sand 2 steps to your south-west
- plant 1 steps to your north

You face plant at your front.",0.0,False
122,Do,,"You see:
- water 2 steps to your west
- grass 1 steps to your west
- stone 6 steps to your south-west
- path 7 steps to your south-west
- sand 2 steps to your south-west
- plant 1 steps to your north

You face plant at your front.",0.0,False
123,Do,,"You see:
- water 2 steps to your west
- grass 1 steps to your west
- stone 6 steps to your south-west
- path 7 steps to your south-west
- sand 2 steps to your south-west
- plant 1 steps to your north

You face plant at your front.",0.0,False
124,Do,,"You see:
- water 2 steps to your west
- grass 1 steps to your west
- stone 6 steps to your south-west
- path 7 steps to your south-west
- sand 2 steps to your south-west
- plant 1 steps to your north

You face plant at your front.",0.0,False
125,Do,,"You see:
- water 2 steps to your west
- grass 1 steps to your west
- stone 6 steps to your south-west
- path 7 steps to your south-west
- sand 2 steps to your south-west
- plant 1 steps to your north

You face plant at your front.",0.0,False
126,Do,,"You see:
- water 2 steps to your west
- grass 1 steps to your west
- stone 6 steps to your south-west
- path 7 steps to your south-west
- sand 2 steps to your south-west
- plant 1 steps to your north

You face plant at your front.",0.0,False
127,Do,,"You see:
- water 2 steps to your west
- grass 1 steps to your west
- stone 6 steps to your south-west
- path 7 steps to your south-west
- sand 2 steps to your south-west
- plant 1 steps to your north

You face plant at your front.",0.0,False
128,Do,"We have 1 wood and 1 sapling (plant) in front. Achievements we can get now: Eat Plant, Collect Wood, Place Table, Make Wood Pickaxe, Make Wood Sword, etc. First, use Do while facing the plant to eat it (Earn “Eat Plant”). Then move west onto the grass tile and use Do to collect wood (Earn “Collect Wood” and increase wood count to at least 2). Return east, place a table (Earn “Place Table”), then craft a wood pickaxe and wood sword (Earn “Make Wood Pickaxe” and “Make Wood Sword”). After that we will head southwest to gather stone, then later coal, iron, etc., place furnace, craft higher-tier tools, defeat zombies/skeletons, and collect diamond. The immediate next action is to eat the plant.","You see:
- water 2 steps to your west
- grass 1 steps to your west
- stone 6 steps to your south-west
- path 7 steps to your south-west
- sand 2 steps to your south-west
- plant 1 steps to your north

You face plant at your front.",0.0,False
129,Do,,"You see:
- water 2 steps to your west
- grass 1 steps to your west
- stone 6 steps to your south-west
- path 7 steps to your south-west
- sand 2 steps to your south-west
- plant 1 steps to your north

You face plant at your front.",0.0,False
130,Do,,"You see:
- water 2 steps to your west
- grass 1 steps to your west
- stone 6 steps to your south-west
- path 7 steps to your south-west
- sand 2 steps to your south-west
- plant 1 steps to your north

You face plant at your front.",0.0,False
131,Do,,"You see:
- water 2 steps to your west
- grass 1 steps to your west
- stone 6 steps to your south-west
- path 7 steps to your south-west
- sand 2 steps to your south-west
- plant 1 steps to your north

You face plant at your front.",0.0,False
132,Do,,"You see:
- water 2 steps to your west
- grass 1 steps to your west
- stone 6 steps to your south-west
- path 7 steps to your south-west
- sand 2 steps to your south-west
- plant 1 steps to your north

You face plant at your front.",0.0,False
133,Do,,"You see:
- water 2 steps to your west
- grass 1 steps to your west
- stone 6 steps to your south-west
- path 7 steps to your south-west
- sand 2 steps to your south-west
- plant 1 steps to your north

You face plant at your front.",0.0,False
134,Move West,,"You see:
- water 1 steps to your west
- grass 1 steps to your north
- stone 5 steps to your south-west
- path 6 steps to your south-west
- sand 1 steps to your south
- plant 2 steps to your north-east

You face water at your front.",0.0,False
135,Move North,,"You see:
- water 1 steps to your west
- grass 1 steps to your north
- stone 6 steps to your south-west
- sand 2 steps to your south
- plant 1 steps to your east

You face grass at your front.",0.0,False
136,Do,"We are currently facing grass with 1 wood and 1 sapling in inventory, low food/drink, and moderate energy. The immediate priorities are to collect wood (achievement ""Collect Wood"") and to replenish drink (achievement ""Collect Drink"") while staying alive. The high‑level sequence will be:

1. Use Do on the grass in front to collect wood and increase food.
2. Move west to the water tile.
3. Use Do on the water to drink and achieve ""Collect Drink"".
4. Move east back to the plant and use Do to eat it for ""Eat Plant"".
5. Move north to the grass patch again, collect more wood, then relocate to a suitable spot to place a table.
6. Place a table, craft a wood pickaxe and wood sword, then gather stone, coal, iron, etc., place a furnace, and progress toward higher‑tier tools and combat achievements.

The next immediate action is to collect wood from the grass we are facing now.","You see:
- water 1 steps to your west
- grass 1 steps to your north
- stone 6 steps to your south-west
- sand 2 steps to your south
- plant 1 steps to your east

You face grass at your front.",0.0,False
137,Do,,"You see:
- water 1 steps to your west
- grass 1 steps to your north
- stone 6 steps to your south-west
- sand 2 steps to your south
- plant 1 steps to your east

You face grass at your front.",0.0,False
138,Move West,,"You see:
- water 1 steps to your west
- grass 1 steps to your north
- stone 6 steps to your south-west
- sand 2 steps to your south
- plant 1 steps to your east

You face water at your front.",0.0,False
139,Do,,"You see:
- water 1 steps to your west
- grass 1 steps to your north
- stone 6 steps to your south-west
- sand 2 steps to your south
- zombie 7 steps to your north-east
- plant 1 steps to your east

You face water at your front.",1.0,False
140,Move East,,"You see:
- water 1 steps to your west
- grass 1 steps to your north
- stone 6 steps to your south-west
- sand 2 steps to your south
- zombie 6 steps to your north-east
- plant 1 steps to your east

You face plant at your front.",0.0,False
141,Place Table,,"You see:
- water 1 steps to your west
- grass 1 steps to your north
- stone 6 steps to your south-west
- sand 2 steps to your south
- zombie 5 steps to your north-east
- plant 1 steps to your east

You face plant at your front.",0.0,False
142,Do,,"You see:
- water 1 steps to your west
- grass 1 steps to your north
- stone 6 steps to your south-west
- sand 2 steps to your south
- zombie 4 steps to your north-east
- plant 1 steps to your east

You face plant at your front.",0.0,False
143,Do,,"You see:
- water 1 steps to your west
- grass 1 steps to your north
- stone 6 steps to your south-west
- sand 2 steps to your south
- zombie 3 steps to your north-east
- plant 1 steps to your east

You face plant at your front.",0.0,False
144,Do,"We are currently low on food (4/9) and drink (4/9). The immediate needs are to secure drink and food to stay alive while progressing toward achievements. To do this we will:

1. Use Do on the water tile to the west to drink and achieve ""Collect Drink"".
2. Use Do on the plant tile to the east to eat it and achieve ""Eat Plant"" (and possibly collect additional material).
3. After replenishing, we will collect more wood by using Do on the grass tile to the north, building up resources for tools and the ""Collect Wood"" achievement.
4. Then we will place a table (if not already placed) to craft a wood sword, which will allow us to defeat the nearby zombie and earn ""Defeat Zombie"".
5. Following that we can gather stone, coal, iron, etc., to progress toward higher‑tier achievements.

The next immediate action is to drink the water.","You see:
- water 1 steps to your west
- grass 1 steps to your north
- stone 6 steps to your south-west
- sand 2 steps to your south
- zombie 2 steps to your north-east
- plant 1 steps to your east

You face plant at your front.",0.0,False
145,Move West,,"You see:
- water 1 steps to your west
- grass 1 steps to your north
- stone 6 steps to your south-west
- sand 2 steps to your south
- zombie 1 steps to your east

You face water at your front.",-0.2,False
146,Do,,"You see:
- water 1 steps to your west
- grass 1 steps to your north
- stone 6 steps to your south-west
- sand 2 steps to your south
- zombie 1 steps to your east

You face water at your front.",0.0,False
147,Do,,"You see:
- water 1 steps to your west
- grass 1 steps to your north
- stone 6 steps to your south-west
- sand 2 steps to your south
- zombie 1 steps to your east

You face water at your front.",0.0,False
148,Move North,,"You see:
- water 1 steps to your west
- grass 1 steps to your south
- stone 7 steps to your south-west
- sand 3 steps to your south
- zombie 1 steps to your east

You face water at your front.",0.0,False
149,Move South,,"You see:
- water 1 steps to your west
- grass 1 steps to your north
- stone 6 steps to your south-west
- sand 2 steps to your south
- zombie 1 steps to your east

You face grass at your front.",0.0,False
150,Move West,,"You see:
- water 1 steps to your west
- grass 1 steps to your north
- stone 6 steps to your south-west
- sand 2 steps to your south
- zombie 1 steps to your east

You face water at your front.",0.0,False
151,Move North,,"You see:
- water 1 steps to your west
- grass 1 steps to your south
- stone 7 steps to your south-west
- sand 3 steps to your south
- zombie 1 steps to your east

You face water at your front.",-0.2,False
152,Do,"Current needs: secure drink, gather wood, craft a wood sword, defeat the nearby zombie, then obtain plant food. We have water to the west, grass (wood) to the south, a table already placed, and a zombie just east. Steps:
1. Do (drink water) to get the Collect Drink achievement and replenish drink.
2. Move South and Do on the grass to collect wood (Collect Wood) and increase wood inventory.
3. Make Wood Sword at the table using the wood we now have.
4. Face the zombie (east) and Do to attack it, defeating it (Defeat Zombie).
5. Place a plant in front (east) and Do to eat it (Eat Plant, Place Plant) to restore food.

The first immediate action is to drink the water.","You see:
- water 1 steps to your west
- grass 1 steps to your south
- stone 7 steps to your south-west
- sand 3 steps to your south
- zombie 1 steps to your east

You face water at your front.",0.0,False
153,Do,,"You see:
- water 1 steps to your west
- grass 1 steps to your south
- stone 7 steps to your south-west
- sand 3 steps to your south
- zombie 1 steps to your east

You face water at your front.",0.0,False
154,Move East,,"You see:
- water 1 steps to your west
- grass 1 steps to your south
- stone 7 steps to your south-west
- sand 3 steps to your south
- zombie 1 steps to your east

You face zombie at your front.",0.1,False
155,Do,,"You see:
- water 1 steps to your west
- grass 1 steps to your south
- stone 7 steps to your south-west
- sand 3 steps to your south
- zombie 1 steps to your east

You face zombie at your front.",0.0,False
156,Sleep,,"You are sleeping, and will not be able take actions until energy is full.



You see:
- water 1 steps to your west
- grass 1 steps to your south
- stone 7 steps to your south-west
- sand 3 steps to your south
- zombie 1 steps to your east

You face zombie at your front.",0.0,False
157,Sleep,,"You are sleeping, and will not be able take actions until energy is full.



You see:
- water 1 steps to your west
- grass 1 steps to your south
- stone 7 steps to your south-west
- sand 3 steps to your south
- zombie 1 steps to your east

You face zombie at your front.",-0.6,True
